password,strength
lej4q,weak
orwl,weak
tgdc,weak
4tufc,weak
bptnh,weak
l9cj,weak
ovda1,weak
6ffb7,weak
47gffj,weak
oilm41,weak
ii91og,weak
iefkt,weak
84t28,weak
1f95,weak
cw9i98,weak
smknx,weak
k7hca4,weak
pdya,weak
qi97,weak
bfko,weak
choi,weak
wfsfi,weak
ssnw6,weak
9636z,weak
qrx4x,weak
osr7,weak
586j,weak
ew78,weak
d1cpys,weak
97k3,weak
omoe,weak
71u98,weak
xj2w8,weak
f6avp,weak
rvxx,weak
4ofxd,weak
8nprzs,weak
3bj1p,weak
t2ftye,weak
z7ggtn,weak
g8je57,weak
j3x0x,weak
3e05ua,weak
apt823,weak
tfya,weak
h3jl5,weak
yck3o,weak
jybrv6,weak
q1vw,weak
6a7r,weak
md3tfs,weak
iewb8,weak
nz14,weak
f79y,weak
ofm8pd,weak
2-Oct,weak
b4igo,weak
6dol,weak
4ila,weak
mchc2d,weak
qqpqzs,weak
bvm6g,weak
p0uj,weak
xug8,weak
c60dvn,weak
dhefix,weak
mkvy15,weak
4tyjfd,weak
g3okme,weak
wki9x,weak
5as6,weak
8s6mk0,weak
ruokl,weak
at8a75,weak
zv5gj,weak
anf8,weak
fr2cd,weak
03r8pl,weak
3jy2iq,weak
ed7f7,weak
jbzjx7,weak
a7qq,weak
y4hiv,weak
fm7cy,weak
96h8v7,weak
buno,weak
hual,weak
c9mdm,weak
ob76i,weak
q0l7fk,weak
oeru,weak
9cnz,weak
e772j,weak
yajp,weak
krs19m,weak
7tgj,weak
13nz,weak
lz2v,weak
hnpjpq,weak
8u458,weak
nbm8q,weak
mfvv,weak
29isl,weak
jstk,weak
1k9lk,weak
ybwrj,weak
ycow,weak
b0hq1k,weak
uuycaa,weak
q647,weak
nq5t8q,weak
tgb21,weak
7qr96v,weak
squoes,weak
u2acs,weak
pu4wo,weak
1i8b,weak
18mf9r,weak
0ru58j,weak
e5dwf,weak
j9de,weak
5ndlsf,weak
9ddx,weak
agpa,weak
hvi16,weak
a2fz,weak
gc2l87,weak
5xhbh,weak
lc1n,weak
9gdss9,weak
qqa9,weak
4i7g7r,weak
th28,weak
ia3w,weak
h1bqcb,weak
wbax,weak
uc8ds,weak
0dwcx9,weak
w9lq,weak
sgvw,weak
tqutt,weak
xlsw,weak
4jru70,weak
ckrfb,weak
soskyp,weak
nlmd,weak
y77c,weak
73uzc,weak
i7bco,weak
028e,weak
nqma8e,weak
6pr8xx,weak
lp645,weak
xq2k1,weak
jaxw8e,weak
7dg38v,weak
zl8v,weak
mri58e,weak
vdml,weak
0g2q,weak
09e3m,weak
rxjec,weak
a598,weak
f6eu,weak
evsxt1,weak
wxnhom,weak
xlb1,weak
ilwis,weak
s4i5,weak
vh10t,weak
ubhjx8,weak
enm8be,weak
vw13,weak
tnt3o6,weak
lbe7dn,weak
8mfvly,weak
4jtmjy,weak
tsj0x,weak
g067,weak
ptse5,weak
jjuntu,weak
yhnw,weak
i3w503,weak
oqr1,weak
sbgzjj,weak
c3jhl,weak
lpv8wa,weak
cpmge,weak
gxv26,weak
1bal,weak
cmul74,weak
j6vpi4,weak
au909,weak
73b7cw,weak
zi34c,weak
kuiei,weak
lgmmkw,weak
1j5wg,weak
qisv85,weak
dbgcz,weak
trsv74,weak
0qse,weak
dxxa,weak
1jyk43,weak
m4wvs,weak
z13s,weak
rmzpn,weak
ru2aut,weak
6tn9q,weak
zbnwjm,weak
bspg62,weak
x8gu,weak
qpwe,weak
mn55z4,weak
19y0st,weak
sez602,weak
va536,weak
ym8dvq,weak
0pehz,weak
q2lpq,weak
8vvieu,weak
hkn7jz,weak
a5gqa,weak
hca91,weak
acxyz,weak
26e373,weak
znqm,weak
2vti,weak
qr5z7,weak
uslo,weak
v7fe6,weak
tdhdk,weak
8i2ki,weak
6nu5se,weak
o03a,weak
c8iihj,weak
ce3kt,weak
4buabj,weak
by9tqw,weak
gn2yt,weak
blal,weak
zqhnly,weak
9hc8pf,weak
62232,weak
9f8ub,weak
vj48e,weak
qnad6,weak
0qkjs,weak
huddl,weak
bk01,weak
r2c5x,weak
zzf3m,weak
ctdz,weak
vdwes9,weak
hwru4,weak
vfhlm,weak
bk6q,weak
7.00E+15,weak
12bf,weak
2vtq,weak
lsmagv,weak
2vwag,weak
c4mqf,weak
w6e23,weak
a26hvn,weak
kg9h2,weak
i5hwx,weak
fevx2,weak
o641er,weak
fain,weak
wxmnfn,weak
6iic,weak
put2kq,weak
shxhy,weak
rmxh9x,weak
puwvqe,weak
42uj,weak
h44uu,weak
jnsba,weak
2zesnj,weak
r91a7,weak
vjq8,weak
339zm,weak
s6ga1e,weak
g4blnh,weak
104r,weak
22ifx,weak
cjjx,weak
iy8crc,weak
jpda,weak
9zhi9,weak
65rk,weak
z9ots1,weak
59hg,weak
vwfc,weak
f97g,weak
xl7iml,weak
xg1uv,weak
00idox,weak
spmn0u,weak
f9o4u,weak
py88z,weak
tqtj,weak
kygq,weak
g1wi6c,weak
h6ug1l,weak
si2mnl,weak
f9lvqi,weak
9ibf,weak
0xox,weak
gv6rqr,weak
nwt9y,weak
p4epqb,weak
75jgcn,weak
j172,weak
5cd7qd,weak
uum0,weak
zknyj,weak
azxmt,weak
06yxe,weak
7dyeeb,weak
92w1,weak
nvjgo,weak
pec0p,weak
dtwx,weak
5eb53a,weak
v7dekl,weak
utov,weak
06y6ab,weak
0pq2,weak
8mfh6,weak
u60hed,weak
s8lear,weak
4m53hv,weak
k0qop,weak
zu101,weak
wdi45o,weak
2270,weak
8qqyxn,weak
kzxgm,weak
sbhbx5,weak
zg94n,weak
6thwlt,weak
iktqys,weak
xrcj4g,weak
deajbl,weak
ahlkon,weak
c16dwd,weak
cqprji,weak
ijxtx,weak
8knn,weak
blpetx,weak
ihd7j9,weak
rp58si,weak
86qu,weak
cvyie,weak
3jxj,weak
wdp9kr,weak
821k,weak
ias5k,weak
jey6s,weak
sc14,weak
ofd0,weak
1ssd,weak
tp3ye,weak
r6cr2,weak
yxn4h,weak
hhnbyo,weak
9tdxo,weak
96k9qc,weak
e6wzlt,weak
hgy5,weak
8jis,weak
1nnzcg,weak
jelv,weak
0qou,weak
xyvl,weak
pm1l,weak
1e71r8,weak
0fc0k2,weak
e0zcxu,weak
jyuiw,weak
lwc5s,weak
g3ek,weak
21ub,weak
32ud,weak
ifrbn,weak
yu7nm,weak
d1h9,weak
5hg5,weak
zw27,weak
eh08n,weak
kbk1,weak
q4772o,weak
3h9g,weak
pwgi0,weak
kjp727,weak
s2gfo7,weak
rzuxg,weak
q01bs,weak
KooIagxx,medium
N2R0ojm,medium
E221SwI,medium
TgmuslU2,medium
A1tTLZcG,medium
ikC3fAezE,medium
T6TAVTNa,medium
AuZRQUrR,medium
0f5HwOh,medium
K7wlYV4,medium
73UE59LDZ,medium
TTQrwIC,medium
6mAy1EAhu,medium
gDRtUpy,medium
5btGNZIXj,medium
yZXonPkz,medium
q6sVUHiGP,medium
v4qbTwar,medium
6IOx3oex7,medium
14Rmiirx0,medium
kHKiUTF,medium
3SyE4gP,medium
lE7jnP0,medium
GT2tGFf,medium
sLoDRw3,medium
12n5YeKb7,medium
oPCb1jUfm,medium
0eND3I3R,medium
MTQDNX7z,medium
VPvqbraj,medium
ILluTZpP,medium
sIYGV07,medium
vezMfFMX,medium
23HD5N8,medium
sxdImXrWn,medium
Url516cU,medium
ehXCWZIR,medium
VKPba1qR,medium
wnJSakFBB,medium
VUQuf4N,medium
qm8tKBOb,medium
1XmLXAy,medium
zqlgQVwy,medium
6vSnfjIXQ,medium
VhS90mGx,medium
xqUgtuC,medium
7hda0beee,medium
reKhnkE,medium
EzoKXOW,medium
XSQG6IMud,medium
mzOmAFbp,medium
HafhR8Z0,medium
axINlB3xQ,medium
AXFrFTE,medium
DKtCvajaL,medium
xnFDe2SCy,medium
LMqxoEOf,medium
eR8zLgO9,medium
R1hCo85B,medium
TJFv1EK,medium
52ZgESF,medium
14bX6kGd,medium
ZNh3GopHT,medium
jHBSZHGBh,medium
rkjmzxDsG,medium
8AraGolU,medium
UZd94C7,medium
fJdfZioB,medium
Harf0sI,medium
5go03Wvs,medium
qlLiObPw,medium
t1su3Kz78,medium
gFvkoQ0,medium
hio6Ybv,medium
ef3Luwsx,medium
hzUrDRJ,medium
8woFuka8V,medium
kv5D4g28,medium
7Fn0PZH1z,medium
iGJgcbarB,medium
viLPCRZf,medium
DltRW5k,medium
EoF6ArIw,medium
NUGIDLFl,medium
YwJEIl6tL,medium
FGX5LVta,medium
wV2oASX3v,medium
6AEWNCh2u,medium
oMyV0tFh,medium
gBfXZWC,medium
aWedPDlh,medium
bkfQj1UA,medium
tcILJpH2H,medium
a6KESlYC,medium
eveBUmgs,medium
6VVKhCua,medium
btdffS41m,medium
uGHmINBz,medium
aL0tQxb,medium
vH0xAVk,medium
7d3BWndh,medium
mXhhp4V,medium
xULd4Sd1b,medium
1wEYun4hp,medium
06PN6Z5c,medium
0DelFEvPU,medium
2xsV4VO,medium
Z2pF1xv,medium
NpjR5xHM,medium
nn1iGTvfN,medium
XYwxVGJj4,medium
DBvF0JYg7,medium
u1mygwOh,medium
c6MFwKHb1,medium
OOuHVX0xV,medium
O5txmUOqb,medium
rw6wVsl8S,medium
cIsJk7Bw,medium
r3jitSIUw,medium
QK1eQwJN4,medium
SeVL4vESl,medium
nUCWE178c,medium
iNFHmYQfG,medium
3GNhX7xmy,medium
38THovC,medium
s4OrJwZx3,medium
sU6ga31VH,medium
Dnpi10ov,medium
RhA5t7P,medium
SS5Gjjy,medium
ZZoyMzUle,medium
DkJLLascS,medium
RLn0i4Z6,medium
B9Wpkt3wW,medium
0zsZvgiCr,medium
iQAkvE8Y,medium
UKBnL6kT,medium
FDWa8ME,medium
O8UgLymEP,medium
5Syw7ruR,medium
lX4CUc9,medium
Xaacdh7Ob,medium
sKxSASDV,medium
AyFgeM8,medium
aFUmb6q,medium
EFJb7mekj,medium
WdNdwRoh,medium
uucG7aTI,medium
vWe4TG2,medium
BvLbHrkF,medium
sd1LSSC4,medium
8IlXRCm,medium
hJ3l8XMx,medium
e2Brx6Vl,medium
ZLW72gIEr,medium
0xbPski2g,medium
edMxWAW7,medium
0NQjU3F,medium
HBd5Afggz,medium
DrfnYHpOc,medium
2Fv4zmq8,medium
yzXXMEU,medium
bvNhbE2,medium
qk6JfZDLX,medium
HvoyduC,medium
9eKFTsFvI,medium
lhqNvbYcC,medium
EuY2Y2W,medium
A6FHWfyAO,medium
W48Pz5aL,medium
1cyDzV4z8,medium
eqFesxI,medium
0H0euDv,medium
Hu0N0xc,medium
QvcQlvVT,medium
JgtksfJ,medium
v0cGPev,medium
sIJEXWG,medium
lm8if2lT,medium
eHIfNSeG,medium
fdNzvrV,medium
dVt7nv9m,medium
gsiwVv3L,medium
5503lRM,medium
zpQwJp6o,medium
rJhsqhl,medium
yClWQeDuB,medium
cooDhNf,medium
mXCMPtN,medium
b8DJqB1eG,medium
Josb0xz,medium
Y6Elf00XZ,medium
NyUYdR53e,medium
VOVBYWb,medium
uYCkc32x,medium
BiCdJX7Hn,medium
QJ95d1iW1,medium
zpDJA0lLU,medium
5EyhHanuQ,medium
vNqkdeBJE,medium
ZQtYQHRE,medium
974ybGG7S,medium
C95ZqoD,medium
4Y5Kfhx,medium
0i8R5Wf,medium
fM9JYpXE,medium
Qs03l3pgL,medium
ihpT1Al,medium
BKl0M0K,medium
UeTa9KWko,medium
7ezNP8BO,medium
VCIXsZk,medium
4jZC8lxAG,medium
PotU51Ilr,medium
nkW9ZFZ,medium
deAidzU,medium
o0QtkxP,medium
4CHbS6n,medium
oevxnZvg,medium
yJWFtPnIK,medium
LTyLHEM,medium
0AyHXkxa,medium
JBYGkJtB,medium
kwmDkJCl,medium
rfF7JUpwV,medium
MFwqJWdWD,medium
aaJmslac,medium
PiTxZyY,medium
fcNFU1N,medium
KObaOWu,medium
hBDEmd8b,medium
N62Zyk1du,medium
1Lhm3xiN,medium
8ayiaVH,medium
cZVUyYjMZ,medium
dUR51eY,medium
YiyMnq5kI,medium
zomVhwWj4,medium
hMyBLEM,medium
WcjmcWPT,medium
HvORAvbbb,medium
Ir3L8wSm,medium
bLRFrBH4,medium
2VZDnjSX,medium
wTJw3lNqC,medium
4ISAOp5,medium
5vJsSM1Ee,medium
AV9h8gyc1,medium
vLzEM9M,medium
KGuIvab,medium
tmjCVquYV,medium
MRURC55,medium
nWj3r1h,medium
SqCVaXLt,medium
aupRsZzJN,medium
ypM3Etu,medium
GQFqL0KPK,medium
iL6w3pHr,medium
5YtciwGme,medium
qNSYvShfI,medium
hDWnrw4,medium
TLUhVno,medium
LfYVPDfi,medium
2WpfGO6,medium
eXGxKJ0r9,medium
NpWwxuxl,medium
6jh6LDi,medium
S0wBtmP,medium
vuTv1JtQz,medium
1wCMj46O,medium
ZYp3o5rt,medium
LNyw5p2c,medium
0KgRxuJ,medium
kGXqGgDg,medium
DAHtcT4Vo,medium
qW3uhUo,medium
CWb5Snt,medium
q83CooZ,medium
Ebsrmdqks,medium
JQw3be0,medium
nzZWhQ8,medium
kYHlBXiQf,medium
4wQuBui,medium
CecCtYIL,medium
iSY66SF,medium
FiEl7pJ,medium
j7AvTAdNa,medium
cOO5Z491Y,medium
M4oN1tJk,medium
6cSVGQy,medium
uQut5cRIr,medium
sl5qMIWX,medium
WYN3mgyV,medium
fLzNnxlO,medium
liXslJuj,medium
ZVUAi2s5W,medium
POOQCpYj,medium
NxfwOHeel,medium
TaNHcONE1,medium
HC4MTuny,medium
uXAjPIKxr,medium
zMvtaUeOJ,medium
McCQ7WXt,medium
0Wfj2rk,medium
PEZ5ysUpm,medium
anTZmSqp,medium
FQIBzyWW,medium
vRBrdWcM,medium
Psek9B9,medium
i2XI5j58L,medium
GaIS1fd,medium
cefReOP,medium
YbtwFm2yv,medium
bQoadkXI0,medium
ZCSVaaNZ,medium
9wJpmfR96,medium
7RhMLh9z,medium
fTI09RUr,medium
cTL1HNF2G,medium
tKjBOIww,medium
8UqgzPQJP,medium
ocEyoA0Ry,medium
2Zob1mBR,medium
0FGu3UgyE,medium
b2GKc06,medium
FeTLdIW,medium
IJmjQB6,medium
aP2WoUK2Z,medium
dV5NXMh8V,medium
F44TFBvr,medium
OK2RAPNVE,medium
gsOuqYHJ,medium
NzWLk8IK9,medium
wDF3bLGd,medium
pAJiK2e6J,medium
ewsOBmB,medium
5hFmesh,medium
yRx0YtP,medium
vz4HO5g,medium
mgbxvWF,medium
7bJxEqFWc,medium
3zdL2hfB,medium
u637uN8Su,medium
MeKCKjbq,medium
EPX6ceZf,medium
5Pa820981,medium
QZdJLDSX7,medium
XY8bPmrLA,medium
JdvIkYh,medium
RUO2jr2y,medium
8suJDq2V,medium
GRRk9mE0b,medium
t7N33bS8,medium
rxN01X2S,medium
Y9a1dyvU,medium
hN9vdOI,medium
BEk1XOT21,medium
yqdkhLRed,medium
jLWb9sJJ,medium
aeVdlpDK,medium
773wLQV7,medium
gADUuDFk,medium
ExfVGLPl1,medium
K3Yp5rN,medium
q7hCQAFoU,medium
gYmBu1e,medium
mm9CxwG,medium
9QH0fzduC,medium
dRk70ec1,medium
PomyB6W,medium
9nH6ZXoQR,medium
M0BXgmWh,medium
TrYUe4Ux,medium
SO5pYn3,medium
PTCoI7z,medium
OY5MYHe,medium
keWNuX0,medium
9Qyk1GLd9,medium
q8jhwuw7A,medium
5XoMoIBx,medium
DRgvWDY,medium
pcqPnhSZ4,medium
TTNN7Td,medium
hYw2uJkG,medium
Lbo17fXlE,medium
p6xOCq5n,medium
9VIRo9Xc,medium
REmCunD,medium
6YAK2OU,medium
rLtYo40,medium
89L2JII,medium
LoB5K1hQ,medium
hCrb7R5xb,medium
iiiMQhBn,medium
vhPMehb,medium
LNQxEJb,medium
t6vqbwye0,medium
zlQWRNw,medium
zxAb1l8O,medium
ecXPeg4L,medium
WH0m$Pk*Akm,strong
7Pgio0vbEm*De,strong
!t5fzwx6f)&b,strong
5nO(5SPsQhNTH@,strong
K#j(UlIFgzjA,strong
TbB@GCT2o9w,strong
FPP^Ncey8a(PUD,strong
xSq9zG$$7mDbwY,strong
OJXFuWP%EMKab,strong
A$DmcQVh8FtnF,strong
%IUVNYcd&0xs(,strong
TRk%CIe7*Nt(,strong
Sv@neg7m9%H#7,strong
A7D$bs($1X9,strong
fVnevLvc*p5SKI,strong
2Jek9TqofbacC,strong
aLSnGEx(Di8@,strong
Wk&j^GviyA,strong
ZSkgN0P56^LCrQ,strong
wxjBr1l$Rxe,strong
EOzlsTH^OB,strong
5C&C7@)21*uVIH,strong
UzU%QSprwWwFm,strong
Y99UU6VsgB,strong
T!vs4WZ)#5,strong
x@Yy@mep&ac,strong
S66ZyAjP1%Z,strong
(#DBJ!CIjf*,strong
JzHBCyPII3t,strong
aLQ)xmQovf5,strong
n^xIDfxQ98)t,strong
(gzNmqR7kKx%,strong
4)0ana7ZnTLo3Q,strong
tiJT59B9CH,strong
0!bLj5igCc^,strong
oleujS0V9Fub,strong
hs5NFy1orw,strong
34cdOWVWlTL(,strong
Qs)t9s!26mD^&,strong
d8udAD6vtP,strong
hCd5n2H^4&t,strong
lMigEUXAtvH),strong
oMx%MGSQax0MN,strong
1rEtxLAkzNixE,strong
F2QgA7*N^Kdm$,strong
ENI2eo52d*F@y,strong
dqg6RQBR32aF,strong
Bci3WH082#*VAF,strong
w3dy@ehQ!r,strong
Kb^%A(4PyT9,strong
O)4oBbn3Sb3E,strong
5@kh@waSVd!K,strong
JIAp$csOvs,strong
LlGm!YexMSKek,strong
tE%Sux2J#^bt4o,strong
4!EdOQh&RFY4l,strong
!9haip3@beZDY,strong
EXLiE)wV@9!,strong
l3uiKh#vuFz,strong
E9ytRO9Yr5ub,strong
zKB%97Cs!S,strong
(AjiP5QtEr,strong
Zq)GDUkyZOqJS,strong
1W2IxLvcC!qLi,strong
vUkm!%vDNq,strong
24aq%n5m58,strong
2Tu^*LDU4jwCe,strong
c(bI3^!$uNMl,strong
7QLayHQe)WA,strong
wk2mWAzP$kbo,strong
YtWB@eZ$X$,strong
gr@l7h!hPV,strong
K)@gkjMGGi,strong
5m^T*@kBa@H2i,strong
u0i7b78T%s6,strong
WTe*x404VO(w,strong
3lOXR((6paT,strong
dd%*d#hoE3^tm(,strong
wTbcrJAXaZ,strong
5AEit9A7Ey32,strong
PYLmQEO3&8r)jN,strong
ZVMgl^GAV),strong
laF7$v2PjX,strong
Mwe%d8KF9C2IK,strong
kA#glGW$!^,strong
ySbO7q9vXnxox&,strong
Ua6hLECBZS2,strong
d3rx(iVVsSN(,strong
qvh0P9*EcioEUl,strong
Ch(6M0R)bDUIR,strong
w6xqVyGtx2N,strong
yUCZf7i8mM,strong
g0Z7cAyzqCuQQa,strong
S6@6Sd9K4TOCn,strong
WmwDORxkG$U,strong
2c!DTWBb7X,strong
FDbJCPZ$&P,strong
N3cK)gqM6E^Ii8,strong
2DkJ$mgskrTn&,strong
1jmD@hop&y4,strong
5VsyEI!HbiB,strong
YuIAt1TuDi9,strong
G(s)rVfFsx,strong
QpXFbeGlD^NV5,strong
qD%XPW)%hiV(,strong
Gj8D0(B9%Ar1&f,strong
4lL2$@3pm(,strong
KxOW6X9ZRayYB,strong
!R@20s(B!uB,strong
MBdRV1yBxY,strong
T)5qLAmBLr^tqj,strong
3aiSP5xP0nJHM,strong
ohsmONd%ao7IGc,strong
EdJd2gz*7A1hXD,strong
EVbVNaUp)p,strong
fmEZ89&*rp26Q2,strong
1EA5bBTST%utV(,strong
zIVbBcgM7RYZy9,strong
ZAuBnp2IOoe,strong
8yYB&lOeZxnBSF,strong
QH937e$7#c,strong
LXWmZvo^MPQ8,strong
8N9CgmC6p$x,strong
0!J6wt!d$%T2,strong
iguJj4MpQfs,strong
G8GHge4!wQNTv,strong
twiJr##qGf*9B,strong
LtspCO5pY!xa,strong
Ju2C5$WI*Box8W,strong
rcLjzIcnWmYN,strong
i(tuabN^QXtHDQ,strong
owBHKDqZz1,strong
*s2%&olWVmy#,strong
LOqNDHfUE1u,strong
)8NRBTs5UN8,strong
seVlhBn&%x&TFE,strong
r)x0lB3SwVM3B,strong
JfO%rkJpnh1iSd,strong
jWzMt0zQ9@KuC#,strong
cU3@&du7@^%pd,strong
@ADjWo*U)X,strong
v)YrU2MKSG,strong
JsxNgHV)V#p,strong
7ptNMTh)I0,strong
E90kJ9fIKi#,strong
Ts#l8Hvx(@j,strong
9My!)ZgU0M,strong
sFVRVFAw4!PxS,strong
JxPap4WXUZP,strong
*445&YPvRPw(Op,strong
Flzveu#aVYrZv,strong
B0GHL!3Ep*NO,strong
#!k6oPa9&pf^ff,strong
Ttz%9nEi1p31,strong
eGW*^hGY3scqZV,strong
qJ%SSG$R#FA6W,strong
V0qqF8lj%M1,strong
DhGV%yWIVf^,strong
LtklaT9De6Z,strong
lr#g6G$3V5Ri,strong
a%@3kQ@u#C$!,strong
VKLX3T1pnTJe,strong
%yaMUe2!0dSmSH,strong
etww5jl47mexbc,strong
JO&Cc4(olM,strong
QCR*wx!U$L3,strong
c08%yex9KTMF,strong
a77m&YweC%0zNo,strong
&6Q(i$*LTx,strong
76PYpnnuI8VLG,strong
6#eQ1gi(Nr1,strong
XuvqWkmM6mNVD,strong
4Q2GLD02Cm1,strong
i*@V0ADmsjTaP,strong
I$ZdlWwlNf,strong
mbEu6nO@%tnsO9,strong
7Mr(p&47kWFEw,strong
M2Lg(XAh4sgO,strong
%nzVjs9YKYj3,strong
chBcMY$mOtRc,strong
2NFD8)7Fxp4Me,strong
y^@xyn5FEM,strong
bzgPW&N%EZO*,strong
RgK5tsjKWwjS*,strong
uHo&RnnW5O,strong
gXOdq059#cx@cC,strong
6MV2#f8!jU,strong
y%2ye)Lm9v,strong
ryw&ttdR7WEbG,strong
K$ruvQI(woDuYv,strong
9Nu39vG@^)O,strong
Q(GRravjjT9*,strong
RyLSphlz1h,strong
IBiDT99$laDqQ9,strong
oVI^$y8FId(P,strong
Z9HV$lolknU,strong
Ivtshnffwzg*),strong
FJ5NWV6rDs7N,strong
BY((Ylgn%XFW*U,strong
23qC22^LiPg82,strong
tztp43$DKl,strong
4ww7!wVDSS4B$,strong
wHiU#qmRcpCNi,strong
2gpYbsK!9Z,strong
G6VKEyZA(q,strong
8RMXdO6fkTw,strong
8BBK19COKjl%LA,strong
Cn4mWfTED8s,strong
i6LO2%q$z&Hu,strong
xV1VnLtu21,strong
jjz5*JvdSip,strong
Tj(v^j9%IOiwT,strong
HdITpgUvxnt,strong
2bleP6&Sgqfsx,strong
yb)ZR$rn8us2w$,strong
w2H&C2)196KAxp,strong
EXDTCpd(J%,strong
90J)l1har(8%%N,strong
7LDHcZTQhlhnI,strong
z&Z0^B7C$l,strong
f8z$UG1Q7%N%$o,strong
4bcb6ChYFLB,strong
Y!ZUvypzK$2,strong
Io#Z1%pn16p,strong
pZ*W7($yzJ,strong
PSWqpId$NLeXA3,strong
YG)xVlna&oc4R,strong
VaO^6azaaS11O8,strong
DMCr2#twa0z@A,strong
#4#1tGgRY53zbd,strong
otUH%K^BYDne,strong
KN79)SFiVCGE,strong
7)FEwVEXW0rsh,strong
^*i$#JmmdF8L,strong
P&smX6mi@E,strong
e(Tqju2#67A,strong
wC(Z&DWKxp3,strong
yG3WI$hfI0),strong
avx&JvI4k0Q,strong
PafR4#y7S3e,strong
hnJ4)IWu6mpF,strong
GH!ndM8VeWn,strong
Sx^u99AQK^h1^Q,strong
vCCUD3R8X2x&wA,strong
yX&X9QAd9RX,strong
Ekzj0Vd*5o,strong
KNnkHMYOh@m,strong
fgI2koI*CaG,strong
gevy1MTghuhqv$,strong
T6yJM1c8r87P,strong
AD2qtaomm3EXzx,strong
wWKRMyV9ox,strong
g(75DY9(TF@aqe,strong
3OSmq5kTxPZx,strong
cmpfm&($nrYQ,strong
SN7srLyr#FMV,strong
wVsey7KEAp,strong
h#aCDpHvov,strong
%c0B)Zfk5LZRG,strong
g0XK3K$V2H,strong
%n$t!WGN^XzaaH,strong
CsJq&JY&fGFr,strong
8%aLzWk0DL,strong
m6fICQZU&*,strong
U%m*kJ2h^14ne,strong
mb&4V*8WUFUad,strong
nE(2MpjvDs)v,strong
$g1IG5O%lxl6mu,strong
0(9P!H0uBswhx,strong
EXZDueeNpdlT,strong
UuUtC60*$f,strong
dapAV!#pva,strong
1uu9)7mh)YA9S,strong
9O3Df#XXRdJ,strong
1k%kkr0!gnzJ,strong
5)Hm1(WZ(MzLW,strong
*(rCV3IjH6qG!V,strong
O4ga$O$%bqYi,strong
FM)Dh&NzYDj,strong
Jadnef6an#l,strong
zzjeoujqG3lw,strong
T9QC4azVRvE,strong
T$&SpT$2!(Gc&,strong
r%GiP!!GwLjD,strong
Neu93HRuc5@Q,strong
MG1*Czw@O7,strong
6fVzPGLhU^xSU,strong
zk8Hb7HNTWhV@,strong
BYbTyAB2g)Pn,strong
5#DtS51P#7yV,strong
8Ie*MY!ugV*&,strong
d&VKm5zz9nAh,strong
%tFnsYue1n8,strong
v&s)$rN2&vlC,strong
xGzw)0806qh$,strong
^RP6UCC2hXf@hl,strong
JFd4MGer!vdY,strong
GWkeuGH$0G,strong
jOfFHrw&8I,strong
X0W8bg(498,strong
5yKd1C5XuTwWY,strong
o)!$sD(HAHfdi,strong
gqge19xiSf8,strong
0i00obA1K$,strong
uB5qCoyq60#eh,strong
F)mGTLk4h!2to,strong
KSkh&Gb#tt^2Mv,strong
7uDluHfu$P,strong
D2(UQZtf0tn,strong
oluc1Z*SDktiBX,strong
AEb(PhL!sx3E,strong
4&6D2mlVz^8,strong
r1q0gDwsT4dc^,strong
3t(y2Fj4EJe,strong
#9dvRLLBG0f52s,strong
1DlAG6^OG!(,strong
!MYd5^QV&ibez2,strong
o!JID(Yp&JF,strong
Nj5Nekds1BLD0y,strong
cOIU2yt1jY,strong
xzmix@WjM6oa,strong
^Cx6PZ1$W@#TF,strong
YCVo3vyIRgm$Y,strong
#$wH^L9Q4*hMv2,strong
miCSCzLn3hKS,strong
3v6HxgmfxZ,strong
3^Wk@whI&%dG5,strong
$*QP*1L^kzJh,strong
ni%vt!9A8l62p,strong
07HYB4F0@xnDW,strong
fA$x*SNt$$U,strong
C0!64jXSwBI^,strong
knQZZBuYxY,strong
hgKjm18x0Nw&Gu,strong
V&GANa367ptIN,strong
M^&Uxo3xqD,strong
tGF&JM29rj,strong
cQsMQcAKD%C5U,strong
Gy6t&Pr&Fl,strong
L6nP9amvTl3WGt,strong
LMk)fqgpyj,strong
!h04#qe6P#6,strong
ihwGRoxq1)^YG,strong
s5jBHfqDjp)r@z,strong
Rsc5$XwuJJQ1H,strong
d^#r6BD*Ggl,strong
(M8w0@0xpJ9j,strong
ze2EeU!mqy,strong
ihVk%vvFm^a4Qq,strong
#FAgd(b6wy,strong
4cb@6S7DCVxc%t,strong
XRphZU0Ax8,strong
2IZ5)Ws%fWK2A1,strong
D^aZzX*6FT992,strong
&F&lRjiSb5,strong
)WXxft3nTnI!,strong
QqdzhbEJYEtAA4,strong
8J#a97xbxB2hj6,strong
sPChiJu$MR@(,strong
U9rYpyL8@Jlfm,strong
Q0%bq3aibv0jV9,strong
PqV%WNq&r6H*,strong
I$ZAvY9Eph30,strong
YQ2&(Y0iDmxQD,strong
5ECaKTNPw&pXOT,strong
2(oUwXga5E95,strong
Si!e%@LycnNg,strong
3NOSW46XL!r,strong
NxsMWDjclrPFy,strong
Ho8*JuuZ8cLY@,strong
H$BSUPQ6uWLfg),strong
pmpoSa)*4TmE#,strong
54Y64xFOy5$^c,strong
5LK1U%31b)K,strong
axh@&kGb0GV8aU,strong
G0bd2wn%cbn7,strong
K3xK48)Dl75*ri,strong
#CHjD#Dh@cS2,strong
lZmeLN(w)A0^kn,strong
4AnKCgo9yud,strong
!jV^(Py0x#J5a,strong
WB9$q1tJUzO*)2,strong
Fg^8EEKgR4!,strong
%OD*T&QBauehk,strong
V0fSAPnCIK3,strong
!DBPDg4ucB,strong
kaTYv!B8X&*(4q,strong
9icTym0bQC,strong
(tze8riIGYAb6,strong
TglGpr^MwMLR2,strong
06#A%Q2)U@MF,strong
g$z@WK6E$xhUh,strong
V9xMij#Cw&q,strong
9PkpOM%6CHi!$,strong
5HGBLeh#FnyU#F,strong
@KC0JuQqskTSRO,strong
t)mxNIe7(Y,strong
$&HRk4KMAFE6t3,strong
sT@od)0DmbG8^G,strong
OJ&8j(W(7NM6F3,strong
